"Online Tutorials, Courses, and eBooks Library | Tutorialspoint"
Home
Coding Ground
Jobs
Whiteboard
Tools
Menu
Login
Switch theme
Teach with us
Category
Development
Programming
Cyber Security
Marketing
Business
IT and Software
Lifestyle
Office Productivity
Library
Articles
Certifications
Login
Show search
Menu
HTML
CSS
Javascript
SQL
Python
Java
C
C++
PHP
Scala
C#
Node.js
MySQL
MongoDB
PL/SQL
Swift
Bootstrap
R
Machine Learning
Blockchain
Angular
React Native
Computer Fundamentals
Compiler Design
Operating System
Data Structure and Algorithms
Computer Network
DBMS
Excel
Simple Easy Learning At Your
Fingertips
"Skyrocket your career to success with top-rated Tutorials, Video Courses, and Certifications"
8000+
Premium Courses
1200+
Exprert Tutors
30M+
Learners Enrolled
1.2M+
Certificates Delivered
Start
Learning !
Explore our categorical content and empower your knowledge
Library
Java Tutorial
C++ Tutorial
C Tutorial
C# Tutorial
CSS Tutorial
Data Structures
DBMS Tutorial
HTML Tutorial
Javascript Tutorial
Operating System
SDLC Tutorial
Certifications
Courses
eBooks
Library
Certifications
Courses
eBooks
"Join our millions of loyal visitors to access our free Text Library. From programming languages and web development to data science and cybersecurity, our masterfully crafted Tutorials will help you master any technology or concept from scratch."
Explore Now
Python Tutorial
Java Tutorial
C++ Tutorial
C Tutorial
CSS Tutorial
Data Structures
DBMS Tutorial
HTML Tutorial
Javascript Tutorial
Operating System
SDLC Tutorial
SQL Tutorial
Coding Ground For
Developers
"Code, Edit, Run, and Share"
"Practice the program you learn on the go with our sought-after Coding Ground. Access our vast collection of editors, terminals, compilers, and interpreters for free!"
Go to Coding Ground
Tutorials
Library
Master any technology with our largest free online Library
Latest Technologies
See all
Bitcoin Tutorial
Blockchain Tutorial
Blue Prism
Ethereum Tutorial
Python Blockchain
Computer Science
See all
Computer Fundamentals
Compiler Design
Operating System
Data Structure
DBMS Tutorial
Machine Learning
See all
Machine Learning
TensorFlow Tutorial
ML with Python
AI with Python
Time Series
Web Development
See all
HTML Tutorial
CSS Tutorial
Javascript Tutorial
PHP Tutorial
Angular 4 Tutorial
Programming Tutorials
See all
HTML Tutorial
C++ Tutorial
Java8 Tutorial
Python Tutorial
Scala Tutorial
Java Technologies
See all
Java8 Tutorial
JDBC Tutorial
SWING Tutorial
Servlets Tutorial
Spring Tutorial
Mobile App Development
See all
Android Tutorial
Swift Tutorial
IOS Tutorial
Kotlin Tutorial
Xamarian Tutorial
Database Tutorials
See all
Mongo DB Tutorial
PL / SQL Tutorial
SQL Tutorial
DB2 Tutorial
MySQL Tutorial
Microsoft Technologies
See all
ASP.NET
Entity Framework
VB.NET Tutorial
Microsoft Project
Microsoft Excel
Big Data and Analytics
See all
Big Data Analytics
Hadoop Tutorial
SAS Tutorial
QlikView Tutorial
Power BI Tutorial
Top
Categories
Access top-rated courses through thoughtfully curated categories
See All
Development
128 Courses
Programming
128 Courses
Cyber Security
128 Courses
Marketing
128 Courses
Business
128 Courses
IT & Networking
128 Courses
Lifestyle
128 Courses
Office Productivity
128 Courses
Certifications
Access exclusive courses with our premium certifications.
See All
Most Popular
Business Analytics Certification
Tutorialspoint
7
Courses |
1
eBooks
"₹1,699.99"
Buy Now
Apache Spark Certification
Tutorialspoint
6
Courses |
1
eBooks
"₹1,799.99"
Buy Now
Linux System Administrator Certification
Tutorialspoint
6
Courses |
1
eBooks
"₹1,799.99"
Buy Now
Artificial Intelligence and Machine Learning Certification
Tutorialspoint
6
Courses |
1
eBooks
"₹1,799.99"
Buy Now
Python Programming Certification
Tutorialspoint
9
Courses |
2
eBooks
"₹2,699.99"
Buy Now
Featured
Best Seller
Most Popular
Featured
Best Seller
Business Analytics Certification
Tutorialspoint
7
Courses |
1
eBooks
"₹1,699.99"
Buy Now
Apache Spark Certification
Tutorialspoint
6
Courses |
1
eBooks
"₹1,799.99"
Buy Now
Linux System Administrator Certification
Tutorialspoint
6
Courses |
1
eBooks
"₹1,799.99"
Buy Now
Artificial Intelligence and Machine Learning Certification
Tutorialspoint
6
Courses |
1
eBooks
"₹1,799.99"
Buy Now
Python Programming Certification
Tutorialspoint
9
Courses |
2
eBooks
"₹2,699.99"
Buy Now
Latest
Courses
Stay industry relevant with our latest courses
See All
Most Popular
Bootstrap 5 - The Complete Guide
Stefan Omerovic
145
Lectures
₹399.99
"₹7,981.20"
Buy Now
Redbubble Print On Demand Online Business for Passive Income 2023
Eshaan Rao
20
Lectures
₹399.99
₹999.99
Buy Now
Home Online Business 2023 : Passive Income from Amazon KDP!
Eshaan Rao
21
Lectures
₹399.99
₹999.99
Buy Now
This is Your Step-By-Step Blogging Blueprint
Brent Dalley
8
Lectures
₹399.99
₹999.99
Buy Now
How Banks Approve Business Loans
Ana Isabel Lucas
23
Lectures
₹399.99
₹999.99
Buy Now
Featured
Best Seller
Most Popular
Featured
Best Seller
Bootstrap 5 - The Complete Guide
Stefan Omerovic
145
Lectures
₹399.99
"₹7,981.20"
Buy Now
Redbubble Print On Demand Online Business for Passive Income 2023
Eshaan Rao
20
Lectures
₹399.99
₹999.99
Buy Now
Home Online Business 2023 : Passive Income from Amazon KDP!
Eshaan Rao
21
Lectures
₹399.99
₹999.99
Buy Now
This is Your Step-By-Step Blogging Blueprint
Brent Dalley
8
Lectures
₹399.99
₹999.99
Buy Now
How Banks Approve Business Loans
Ana Isabel Lucas
23
Lectures
₹399.99
₹999.99
Buy Now
Most Popular
Tools
Utilize the frequently used tools for your needs
See All
QR Code Generator
JAVA Formatter
Image Optimizer
White Board
Image Editor
Net Meeting
Document Viewer
Python Formatter
Our students work
with the
Best
Feedbacks
Pranav Singh
Java
"I recently took the Tutorials Point Java Course and I am so glad I did! The course was incredibly informative and provided me with a comprehensive understanding of the Java language. The instructor was knowledgeable and patient, and the course was easy to follow. I highly recommend this course to anyone looking to learn Java!"
Lavanya Trivedi
Python
"As a Data Analyst, I needed to enhance my skills to automate tasks and streamline data processing. This Python course provided me with the tools I needed. Learning how to manipulate data, create visualizations, and interact with APIs has transformed the way I work. I now save hours of manual effort by writing Python scripts."
Sukdeep singh
Java
Tutorials Point has provided me with the tools and resources I need to achieve my goals and learn new skills. I have been able to apply what I have learned to my own projects and saw a great improvement in my coding skills. I highly recommend Tutorials Point for anyone looking to learn Java coding.
Supriya Hussian
Python
"This course taught me Python, which gave me the knowledge I needed to create and prototype the minimal viable product (MVP) for my startup. I was able to develop a working prototype that won the approval of possible investors thanks to the practical emphasis on creating applications from the start and advice on best practices."
Naveen Boyina
AI&ML
"Data analysis to AI conversion needed a thorough understanding of machine learning methods. My expectations were exceeded by this AIML course. The extensive curriculum, combined with real-world assignments and case studies, increased my repertoire of data-driven strategies."
Annual Membership
Become a valued member of Tutorials Point and enjoy unlimited access to our vast library of top-rated Video Courses
Subscribe now!
Online Certifications
Master prominent technologies at full length and become a valued certified professional.
Explore Now
Tutorials Point is a leading Ed Tech company striving to provide the best learning material on technical and non-technical subjects.
About us
Company
Our Team
Careers
Jobs
Become a Teacher
Affiliates
Contact Us
Terms
Terms of use
Privacy Policy
Refund Policy
Cookies Policy
FAQ's
Our Products
Free Library
Articles
Coding Ground
Certifications
Courses
eBooks
Corporate Training
Free Web Graphics
Contact Us
"Tutorials Point India Private Limited, Incor9 Building,"
"					   Kavuri Hills, Madhapur, Hyderabad, Telangana - 500081, INDIA"
© Copyright 2023. All Rights Reserved.
